Account No,TOTAL DEPOSIT,TOTAL WITHDRAWAL
1196428',14708312.270000001,11694712.08
409000362497',3600000.0,6105434.5600000005
409000438611',12571723.26,12500000.0
409000438620',1968233.2599999995,1700000.0
409000493201',0.0,10331.83
409000493210',170.07999999999998,131888.54
